<?xml version = "1.0" encoding = "utf-8"?>
<!DOCTYPE hibernate-mapping PUBLIC 
"-//Hibernate/Hibernate Mapping DTD//EN"
"http://www.hibernate.org/dtd/hibernate-mapping-3.0.dtd"> 

<hibernate-mapping>
   <class name = "com.pojo.Patients" table = "PatientsDetails" discriminator-value="Patients">
      
      <meta attribute = "class-description">
         This class contains the Patients details. 
      </meta>
      
      <id name = "registration_number" type = "int">
         <generator class="increment"/>
      </id>
      <discriminator column="type" type="string"></discriminator>
      
      <property name = "patient_name" column = "patient_name"/>
      <property name = "age" column = "age"/>
      
      <subclass name="com.pojo.OPD_Patients"
      discriminator-value="OPD_Patients">
      <property name="symptoms"/>
      <property name="illness"/>
      </subclass>
      
      <subclass name="com.pojo.AdmittedPatients"
      discriminator-value="AdmittedPatients">
      <property name="bed_number"/>
      <property name="admission_date"/>
      <property name="doctor_name"/>
      <property name="file_number"/>
      </subclass>
      
      
   </class>
</hibernate-mapping>