<beans xmlns="http://www.springframework.org/schema/beans"
	xmlns:xsi="http://www.w3.org/2001/XMLSchema-instance"
	xmlns:p="http://www.springframework.org/schema/p"
	xmlns:tx="http://www.springframework.org/schema/tx"
	xmlns:aop="http://www.springframework.org/schema/aop"
	xmlns:util="http://www.springframework.org/schema/util"
	xmlns:context="http://www.springframework.org/schema/context"
	xsi:schemaLocation="http://www.springframework.org/schema/beans
    http://www.springframework.org/schema/beans/spring-beans-2.5.xsd
    http://www.springframework.org/schema/aop
    http://www.springframework.org/schema/aop/spring-aop-2.5.xsd
    http://www.springframework.org/schema/tx
    http://www.springframework.org/schema/tx/spring-tx-2.5.xsd
    http://www.springframework.org/schema/context
    http://www.springframework.org/schema/context/spring-context.xsd
    http://www.springframework.org/schema/util
    http://www.springframework.org/schema/util/spring-util.xsd">
	<context:component-scan base-package="com" />
	<tx:annotation-driven/>

	<bean
		class="org.springframework.jdbc.datasource.DriverManagerDataSource"
		name="ds">
		<property name="driverClassName"
			value="com.microsoft.sqlserver.jdbc.SQLServerDriver" />
		<property name="url"
			value="jdbc:sqlserver://localhost;databaseName=Citiustech;
			instanceName=SQLEXPRESS2019" />
		<property name="username" value="sa" />
		<property name="password" value="password_123" />
	</bean>

	<bean
		class="org.springframework.orm.hibernate5.LocalSessionFactoryBean"
		name="factory">
		<property name="dataSource" ref="ds" />

		<property name="hibernateProperties">
			<props>
				<prop key="hibernate.dialect">org.hibernate.dialect.SQLServerDialect</prop>
				<prop key="show_sql">true</prop>
				<prop key="hibernate.hbm2ddl.auto">update</prop>
			</props>
		</property>

		<property name="annotatedClasses">
			<list>
				<value>com.student.model.Student</value>
			</list>
		</property>
	</bean>


	<bean
		class="org.springframework.web.servlet.view.InternalResourceViewResolver"
		name="viewResolver">
		<property name="prefix" value="/WEB-INF/views/" />
		<property name="suffix" value=".jsp" />
	</bean>

	<bean class="org.springframework.orm.hibernate5.HibernateTemplate"
		name="hibernateTemplate">
		<property name="sessionFactory" ref="factory"></property>
	</bean>
	
	<bean class="org.springframework.orm.hibernate5.HibernateTransactionManager" 
	name="transactionManager">
	<property name="sessionFactory" ref="factory"></property>
	</bean>
</beans>