<?xml version = "1.0" encoding = "utf-8"?>
<!DOCTYPE hibernate-mapping PUBLIC 
"-//Hibernate/Hibernate Mapping DTD//EN"
"http://www.hibernate.org/dtd/hibernate-mapping-3.0.dtd"> 

<hibernate-mapping>
   <class name = "com.pojo.Car" table = "CarTable">
      
      <meta attribute = "class-description">
         This class contains the Car detail. 
      </meta>
      
      <id name = "car_id" type = "int">
         <generator class="increment"/>
      </id>
      
      <property name = "car_name"/>
      
      <joined-subclass name="com.pojo.EconomicalCar" table="EconomicalCarTable">
      <key column="car_id"></key>
      <property name = "car_price"/>
      <property name = "car_milage"/>
      </joined-subclass>
       
      <joined-subclass name="com.pojo.LuxiriousCar" table="LuxiriousCarTable">
      <key column="car_id"></key>
      <property name = "engine_capacity"/>
      <property name = "car_features"/>
      </joined-subclass>
            
   </class>
</hibernate-mapping>