<?xml version='1.0' encoding='UTF-8'?>  
<!DOCTYPE hibernate-mapping PUBLIC  
          "-//Hibernate/Hibernate Mapping DTD 5.3//EN"  
          "http://hibernate.sourceforge.net/hibernate-mapping-5.3.dtd">
             
<hibernate-mapping>  
<class name="com.model.Customer" table="CustomerDetails">  
<id name="cust_id">  
<generator class="increment"></generator>  
</id>   
<property name="cust_name"></property>  
<property name="cust_address"></property> 

</class>  
            
</hibernate-mapping>  